#,,,volume,,,,,energy,,,,,,,enthalpy(p)(Ry),,,,pressure,(kbar)
,,,651.3533167991,,,,,-195.4910819384,-195.7124724313,,,,,,-50,,,,,
,,,646.9284492548,,,,,-195.4925112361,-195.6904090961,,,,,,-45,,,,,
,,,642.6779664938,,,,,-195.493739713,-195.6684931541,,,,,,-40,,,,,
,,,638.5881505018,,,,,-195.4947827253,-195.6467189161,,,,,,-35,,,,,
,,,634.6468643614,,,,,-195.4956538804,-195.6250811315,,,,,,-30,,,,,
,,,630.8433169043,,,,,-195.4963652961,-195.6035749389,,,,,,-25,,,,,
,,,627.1678696713,,,,,-195.4969278128,-195.5821958234,,,,,,-20,,,,,
,,,623.6118773659,,,,,-195.4973511698,-195.5609395806,,,,,,-15,,,,,
,,,620.1675550578,,,,,-195.4976441511,-195.5398022847,,,,,,-10,,,,,
,,,616.8278669212,,,,,-195.4978147086,-195.5187802617,,,,,,,-5,,,,
,,,613.586432452,,,,,-195.4978700655,-195.4978700655,,,,,,,,0,,,
,,,610.4374469572,,,,,-195.4978168037,-195.4770684565,,,,,,,,5,,,
,,,607.375613774,,,,,-195.497660939,-195.456372384,,,,,,,10,,,,
,,,604.3960862454,,,,,-195.4974079855,-195.4357789691,,,,,,,15,,,,
,,,601.4944177477,,,,,-195.4970630101,-195.415285491,,,,,,,20,,,,
,,,598.6665184981,,,,,-195.496630681,-195.3948893739,,,,,,,25,,,,
,,,595.9086180565,,,,,-195.4961153089,-195.3745881752,,,,,,,30,,,,
,,,593.2172326823,,,,,-195.4955208835,-195.3543795758,,,,,,,35,,,,
,,,590.5891367322,,,,,-195.4948511047,-195.3342613704,,,,,,,40,,,,
,,,588.021337562,,,,,-195.4941094108,-195.3142314592,,,,,,,45,,,,
,,,585.511053431,,,,,-195.4932990031,-195.2942878407,,,,,,,50,,,,
,,,583.0556939336,,,,,-195.4924228675,-195.2744286045,,,,,,,55,,,,
,,,580.6528428774,,,,,-195.4914837936,-195.2546519253,,,,,,,60,,,,
,,,578.3002425114,,,,,-195.4904843921,-195.2349560571,,,,,,,65,,,,
,,,575.99578014,,,,,-195.4894271099,-195.2153393284,,,,,,,70,,,,
,,,573.7374759457,,,,,-195.4883142441,-195.1958001369,,,,,,,75,,,,
,,,571.5234715233,,,,,-195.4871479536,-195.1763369456,,,,,,,80,,,,
,,,569.3520204192,,,,,-195.4859302707,-195.1569482788,,,,,,,85,,,,
,,,567.2214794787,,,,,-195.484663111,-195.1376327183,,,,,,,90,,,,
,,,565.1302998541,,,,,-195.483348282,-195.1183889004,,,,,,,95,,,,
,,,563.0770209852,,,,,-195.4819874916,-195.099215512,,,,,,100,,,,,
